id,username,password,url
108825,magdalenemireles808@montana.com,test,performance.okawa.fukuoka.jp
108826,keena4@pointer.com,password1,occupations.com
108827,grover_crow46193@yahoo.com,hardcore,polo.com
108828,devorah_stallings59@hotmail.com,penelope,essential.langevag.no
108829,elvin.talbert@latex.immobilien,golfer,purse.com
108830,fawn_lynn@webcams.com,guinness,shirt.com
108831,larae-lara-nash663@gmail.com,pumpkin,cork.com
108832,madaline.landrum@reno.com,lucky,suse.com
108833,christin6@furthermore.com,monica,belts.mitane.akita.jp
108834,lynn_fiore@hotmail.com,sweety,illustrated.com
108835,alexandra44460@travesti.com,darkness,radius.com
108836,betsy-stroup4@gmail.com,julian,demand.jetzt
108837,madelene141@fcc.com,mountain,glasses.com
108838,breanncounts@hotmail.com,driver,prescribed.barsy.club
108839,evonne_ott@hotmail.com,camaro,reuters.com
108840,sandra_sperry6@yahoo.com,icecream,dodge.com
108841,georgine.cass9@guided.com,please,source.natural.bo
108842,maurita.turk77@hotmail.com,student,nasa.com
108843,louella-mclaughlin3455@retain.com,000000,photos.com
108844,leonardacortes@priest.com,prince,strongly.com
108845,catherinaulrich@charms.com,flowers,valve.com
108846,brent0465@lesbian.com,westside,spine.com
108847,elvia_adamson@ability.com,maximus,accompanied.com
108848,xenia323@gmail.com,casper,hall.com
108849,rudystrong2@pgp.com,12345678,president.com
108850,burton24252@hotmail.com,helena,uncle.com
108851,olinda_jaramillo971@yahoo.com,123123,paint.com
108852,kandi_mclemore6045@toxic.com,spring,palmer.com
108853,cathleen87@hotmail.com,tennis,weblog.com
108854,heather_lennon64302@hotmail.com,bailey,procedures.com
108855,lorindadaley78@protocols.com,creative,viewed.com
108856,lorriane1@yahoo.com,perfect,restored.com
108857,annettbarajas1@gmail.com,chandler,advised.com
108858,olin61293@jones.com,orange,exploration.com
108859,sue-curtin5@reasoning.certmgr.org,patricia,taken.gripe
108860,edda131@hotmail.com,angela,mb.com
108861,dwana_beaudoin@norfolk.福岡.jp,moonlight,called.temasek
108862,gisele_grier@hotmail.com,natalie,congratulations.ap-south-1.elasticbeanstalk.com
108863,lennybragg@conducted.com,kathleen,wooden.com
108864,karisa_whitman@teaches.com,loveme,platinum.com
108865,merlyn_haggard@gmail.com,metallica,tom.com
108866,marquerite-mcmurray@yahoo.com,letmein,viii.sømna.no
108867,britney_foss784@turned.yatsuka.shimane.jp,eagles,toolbar.com
108868,giovanni9025@yahoo.com,unknown,factory.com
108869,gerda7@yahoo.com,newyork,evolution.yamamoto.miyagi.jp
108870,tillie_beale7@gmail.com,cookies,asin.com
108871,dell.adkins@gmail.com,wilson,acts.com
108872,melda-hand@bone.com,october,punch.com
108873,williemae783@rally.com,david,marble.dlugoleka.pl
108874,ava_wynn608@player.com,qazwsxedc,university.com
108875,luba4@creation.com,element,regulations.com
108876,mica2@catalogue.com,fuckoff,floyd.com
108877,erica-saxton@hotmail.com,redsox,allen.com
108878,selena-beasley63383@bean.cd,fernando,wanting.com
108879,vashti75@gmail.com,atlantis,clubs.com
108880,lucio-ligon@gmail.com,parker,vegetation.com
108881,kym9338@brunette.com,mnbvcxz,rain.skole.museum
108882,jackeline.dugger29@snapshot.com,motorola,quarters.bálát.no
108883,winston.pitre4@yahoo.com,valentin,cart.com
108884,noelia76879@trades.com,avatar,programming.com
108885,dorsey.bowen@yahoo.com,october,superior.com
108886,kasi395@gmail.com,sierra,betty.date
108887,judie-mckinley05@gmail.com,kevin,josh.com
108888,patti_slaton-dominguez9053@hotmail.com,bubbles,edit.com
108889,georgene-jones33@anaheim.net.lr,654321,randy.com
108890,lenard6908@certainly.com,winston,divx.com
108891,erin47912@yahoo.com,domino,bend.com
108892,tora61@hotmail.com,tomcat,juice.com
108893,clark_becker@yahoo.com,cocacola,appraisal.com
108894,qianarenner2315@hotmail.com,security,effect.com
108895,antoniomarr@yahoo.com,welcome,indices.com
108896,fe_swearingen68@foot.com,september,td.inawashiro.fukushima.jp
108897,brant48@yahoo.com,midnight,documentation.com
108898,margeret0@hotmail.com,trouble,sitting.com
108899,aileen-moya@gmail.com,mercury,sponsorship.project.museum
108900,trang.lanham@yahoo.com,murphy,throat.com
108901,esther-jordan@thesaurus.org.sh,wicked,originally.com
108902,reta.albrecht@valves.coffee,colorado,nomination.cc.ia.us
108903,jeanbowen@gmail.com,chance,trader.com
108904,ramonita-nicholson23177@carb.wazuka.kyoto.jp,christina,italy.com
108905,marilou59@indicator.zip,samuel,timely.com
108906,agnes.gillette@hz.com,fluffy,decided.sa.gov.pl
108907,kristi-guay@cons.ac.gn,maxwell,lightweight.com
108908,kymberlybrill6164@olympus.dynalias.org,oliver,connected.za.org
108909,rolandevallejo447@venice.com,eagles,dance.com
108910,jestinedumas@hotmail.com,random,hart.com
108911,dominica29@yahoo.com,fluffy,collecting.com
108912,gricelda66019@yahoo.com,87654321,hitachi.com
108913,desmondmontague-daley@gmail.com,hercules,rapid.com
108914,alessandra1205@gmail.com,anthony,tennessee.com
108915,marissa5027@arkansas.com,moonlight,alumni.com
108916,vanda3447@compatibility.com,lolita,buy.go.th
108917,aurorapoore64859@yahoo.com,kimberly,mariah.com
108918,teresia_talbert@remarks.com,987654,scheduled.com
108919,wilfredohogue@atmosphere.com,987654321,headed.com
108920,les11@cm.com,harley,inquiry.shinagawa.tokyo.jp
108921,tifany-bragg@albert.cloud.goog,software,suspension.blogspot.co.il
108922,serita4110@yahoo.com,donkey,bleeding.cc.wv.us
108923,dorotha_winn@hotmail.com,wizard,mandate.com
108924,beata5@adventures.com,11223344,empire.com
