username,password,url
magdalenemireles808@montana.com,test,performance.okawa.fukuoka.jp
keena4@pointer.com,password1,occupations.com
grover_crow46193@yahoo.com,hardcore,polo.com
devorah_stallings59@hotmail.com,penelope,essential.langevag.no
elvin.talbert@latex.immobilien,golfer,purse.com
fawn_lynn@webcams.com,guinness,shirt.com
larae-lara-nash663@gmail.com,pumpkin,cork.com
madaline.landrum@reno.com,lucky,suse.com
christin6@furthermore.com,monica,belts.mitane.akita.jp
lynn_fiore@hotmail.com,sweety,illustrated.com
alexandra44460@travesti.com,darkness,radius.com
betsy-stroup4@gmail.com,julian,demand.jetzt
madelene141@fcc.com,mountain,glasses.com
breanncounts@hotmail.com,driver,prescribed.barsy.club
evonne_ott@hotmail.com,camaro,reuters.com
sandra_sperry6@yahoo.com,icecream,dodge.com
georgine.cass9@guided.com,please,source.natural.bo
maurita.turk77@hotmail.com,student,nasa.com
louella-mclaughlin3455@retain.com,000000,photos.com
leonardacortes@priest.com,prince,strongly.com
catherinaulrich@charms.com,flowers,valve.com
brent0465@lesbian.com,westside,spine.com
elvia_adamson@ability.com,maximus,accompanied.com
xenia323@gmail.com,casper,hall.com
rudystrong2@pgp.com,12345678,president.com
burton24252@hotmail.com,helena,uncle.com
olinda_jaramillo971@yahoo.com,123123,paint.com
kandi_mclemore6045@toxic.com,spring,palmer.com
cathleen87@hotmail.com,tennis,weblog.com
heather_lennon64302@hotmail.com,bailey,procedures.com
lorindadaley78@protocols.com,creative,viewed.com
lorriane1@yahoo.com,perfect,restored.com
annettbarajas1@gmail.com,chandler,advised.com
olin61293@jones.com,orange,exploration.com
sue-curtin5@reasoning.certmgr.org,patricia,taken.gripe
edda131@hotmail.com,angela,mb.com
dwana_beaudoin@norfolk.福岡.jp,moonlight,called.temasek
gisele_grier@hotmail.com,natalie,congratulations.ap-south-1.elasticbeanstalk.com
lennybragg@conducted.com,kathleen,wooden.com
karisa_whitman@teaches.com,loveme,platinum.com
merlyn_haggard@gmail.com,metallica,tom.com
marquerite-mcmurray@yahoo.com,letmein,viii.sømna.no
britney_foss784@turned.yatsuka.shimane.jp,eagles,toolbar.com
giovanni9025@yahoo.com,unknown,factory.com
gerda7@yahoo.com,newyork,evolution.yamamoto.miyagi.jp
tillie_beale7@gmail.com,cookies,asin.com
dell.adkins@gmail.com,wilson,acts.com
melda-hand@bone.com,october,punch.com
williemae783@rally.com,david,marble.dlugoleka.pl
ava_wynn608@player.com,qazwsxedc,university.com
luba4@creation.com,element,regulations.com
mica2@catalogue.com,fuckoff,floyd.com
erica-saxton@hotmail.com,redsox,allen.com
selena-beasley63383@bean.cd,fernando,wanting.com
vashti75@gmail.com,atlantis,clubs.com
lucio-ligon@gmail.com,parker,vegetation.com
kym9338@brunette.com,mnbvcxz,rain.skole.museum
jackeline.dugger29@snapshot.com,motorola,quarters.bálát.no
winston.pitre4@yahoo.com,valentin,cart.com
noelia76879@trades.com,avatar,programming.com
dorsey.bowen@yahoo.com,october,superior.com
kasi395@gmail.com,sierra,betty.date
judie-mckinley05@gmail.com,kevin,josh.com
patti_slaton-dominguez9053@hotmail.com,bubbles,edit.com
georgene-jones33@anaheim.net.lr,654321,randy.com
lenard6908@certainly.com,winston,divx.com
erin47912@yahoo.com,domino,bend.com
tora61@hotmail.com,tomcat,juice.com
clark_becker@yahoo.com,cocacola,appraisal.com
qianarenner2315@hotmail.com,security,effect.com
antoniomarr@yahoo.com,welcome,indices.com
fe_swearingen68@foot.com,september,td.inawashiro.fukushima.jp
brant48@yahoo.com,midnight,documentation.com
margeret0@hotmail.com,trouble,sitting.com
aileen-moya@gmail.com,mercury,sponsorship.project.museum
trang.lanham@yahoo.com,murphy,throat.com
esther-jordan@thesaurus.org.sh,wicked,originally.com
reta.albrecht@valves.coffee,colorado,nomination.cc.ia.us
jeanbowen@gmail.com,chance,trader.com
ramonita-nicholson23177@carb.wazuka.kyoto.jp,christina,italy.com
marilou59@indicator.zip,samuel,timely.com
agnes.gillette@hz.com,fluffy,decided.sa.gov.pl
kristi-guay@cons.ac.gn,maxwell,lightweight.com
kymberlybrill6164@olympus.dynalias.org,oliver,connected.za.org
rolandevallejo447@venice.com,eagles,dance.com
jestinedumas@hotmail.com,random,hart.com
dominica29@yahoo.com,fluffy,collecting.com
gricelda66019@yahoo.com,87654321,hitachi.com
desmondmontague-daley@gmail.com,hercules,rapid.com
alessandra1205@gmail.com,anthony,tennessee.com
marissa5027@arkansas.com,moonlight,alumni.com
vanda3447@compatibility.com,lolita,buy.go.th
aurorapoore64859@yahoo.com,kimberly,mariah.com
teresia_talbert@remarks.com,987654,scheduled.com
wilfredohogue@atmosphere.com,987654321,headed.com
les11@cm.com,harley,inquiry.shinagawa.tokyo.jp
tifany-bragg@albert.cloud.goog,software,suspension.blogspot.co.il
serita4110@yahoo.com,donkey,bleeding.cc.wv.us
dorotha_winn@hotmail.com,wizard,mandate.com
beata5@adventures.com,11223344,empire.com
